Name,Details,Datatype,Value
start_word,Word to signify beginning of a comment,str,
stop_word,Word to signify end of a comment,str,
min_word_count,Tell cleaner to remove words that occur less than min_word_count times,int,3
remove_stop_words,Remove stop words from the NLTK list of stop words,bool,FALSE
mean_subtract_grams,Subtract an averaged dictionary of all of reddit from each comment (usually implies remove_stop_words),bool,TRUE
min_score,Minimum score required to keep a comment,int,-1000000
lowercase,Lowercase all comments as part of preprocessing?,bool,TRUE
sample_rate,"Proportion of actual comments to process from the given data [0,1]",float,1
gram_num,n in ngrams,int,1
subreddits,Subreddits to pick for communitizing,dict,"{'coontown':1.0, 'fatpeoplehate':1.0, 'all':0.35} "
remove_links,Should data cleaning remove all links?,bool,TRUE
remove_punc,Should data cleaning remove all punctuation?,bool,FALSE
only_alphanum,Remove all characters except alphanumeric ones?,bool,TRUE
stem_verbs,Should all verbs be stemmed?,bool,TRUE
